model,n,r2,adj_r2,const,const_se_hc3,const_p_hc3,Mkt_RF,Mkt_RF_se_hc3,Mkt_RF_p_hc3,ticker,return_type,window,SMB,SMB_se_hc3,SMB_p_hc3,HML,HML_se_hc3,HML_p_hc3,RMW,RMW_se_hc3,RMW_p_hc3,CMA,CMA_se_hc3,CMA_p_hc3
CAPM,31,0.2786291155811148,0.25375425749770497,-0.008927278874225814,0.014793431738868528,0.5462011641556334,1.2425449327075238,0.25586971845035916,1.1968249412792205e-06,MSFT,price,31m_2024-01_to_2026-07,,,,,,,,,,,,
FF3,31,0.4595645500546719,0.3995161667274132,-0.007510220912870941,0.013434021627095265,0.5761310960195642,1.123664486785446,0.24146340776340733,3.2625240723164284e-06,MSFT,price,31m_2024-01_to_2026-07,-0.7168606658547634,0.33033725330315605,0.03000023590964165,-0.6637188280769976,0.34075798742287106,0.05144226409312743,,,,,,
FF5,31,0.6735979062523021,0.6083174875027626,-0.003961765943906152,0.015284774983819421,0.7954833404593715,1.348806241485268,0.3415130461092561,7.831416462599163e-05,MSFT,price,31m_2024-01_to_2026-07,-0.48213402442701253,0.32662607866139054,0.13991600549262304,-0.9863384367835303,0.38003819839017994,0.009449008204387167,1.290430406331556,0.9949802212987449,0.19465156991029486,-0.17379718434336283,0.5469287560438252,0.7506599168968995
CAPM,31,0.2813437607132353,0.25656251108265715,-0.008393835082497431,0.014768085750413266,0.569779243140691,1.2500032160078938,0.2568312072215455,1.1329224283061732e-06,MSFT,dividend_inclusive_approx,31m_2024-01_to_2026-07,,,,,,,,,,,,
FF3,31,0.4612847975945883,0.4014275528828759,-0.007056980733948931,0.013426066464296397,0.5991537237666399,1.1340042525885252,0.24283178142706954,3.0132152523312344e-06,MSFT,dividend_inclusive_approx,31m_2024-01_to_2026-07,-0.7211306732246234,0.32791066566889615,0.0278659722042069,-0.656366148337772,0.3377781006391699,0.051993520212297126,,,,,,
FF5,31,0.6750095617943072,0.6100114741531686,-0.00346024634557501,0.015245987231706669,0.8204539745960708,1.3601615814383596,0.3421709777669529,7.035165324172661e-05,MSFT,dividend_inclusive_approx,31m_2024-01_to_2026-07,-0.4855849702213808,0.32959712353485515,0.1406787241592117,-0.9864028738804362,0.38162105423091236,0.009744381194408727,1.289212511742428,0.9920615196657707,0.19376251793316734,-0.1564331685181526,0.5445628897457887,0.7739103898073776
CAPM,19,0.252404606435509,0.20842840681406838,-0.007711057441283161,0.022774196042240454,0.7349205223956893,1.314783767474287,0.3630965148011509,0.0002934312508733502,MSFT,price,19m_2025-01_to_2026-07,,,,,,,,,,,,
FF3,19,0.46250782954001934,0.35500939544802323,0.008558564017901404,0.02219222324562303,0.6997514544599468,0.805229027342893,0.34314477810086863,0.018944767993553376,MSFT,price,19m_2025-01_to_2026-07,-1.1401262964019698,1.00498049804013,0.2565949183234254,-1.157489476356288,0.8767285685244279,0.1867559093502964,,,,,,
FF5,19,0.7984284214491757,0.7209008912373203,0.02839972474557573,0.025153438379281697,0.25887279856942036,1.023091601572223,0.3784858202270363,0.0068692481952482955,MSFT,price,19m_2025-01_to_2026-07,-0.8504509296006058,0.625636714473175,0.17403992832183268,-2.0492353409217654,0.54773582899227,0.0001830824268610527,1.6430944273119992,1.040536246181244,0.11431672729533833,-0.05825483436565171,0.6314221659591491,0.9264916879289655
CAPM,19,0.25319383675367946,0.20926406244507234,-0.007116855433450562,0.02273428404819124,0.7542464244044459,1.3170951890933225,0.3654093237125134,0.0003128293203440938,MSFT,dividend_inclusive_approx,19m_2025-01_to_2026-07,,,,,,,,,,,,
FF3,19,0.46272654754532394,0.3552718570543888,0.008900986978553285,0.022196112502654488,0.6884086515993146,0.8148643060061602,0.34373607801619216,0.01775874160068776,MSFT,dividend_inclusive_approx,19m_2025-01_to_2026-07,-1.1533388054315383,0.9998147839901413,0.24868369756385822,-1.1408980947670702,0.872454178899555,0.19097906395336695,,,,,,
FF5,19,0.7979709228853703,0.7202674316874358,0.0287546045437098,0.02503765285333468,0.250780995023248,1.0321932216614331,0.3780651405004747,0.0063296027086633,MSFT,dividend_inclusive_approx,19m_2025-01_to_2026-07,-0.8687667150638643,0.6325470738211093,0.169614981990863,-2.0426322508168604,0.5461420828808045,0.000183938688202972,1.6366997780699746,1.037423971712565,0.11464429978975495,-0.030953107047004935,0.6278912507307358,0.9606826711116594
CAPM,31,0.14238603911106684,0.11281314390800012,0.014687119783071318,0.010587907610696829,0.16539304114967368,0.6306139065148721,0.326543538530679,0.05346096460119526,WMT,price,31m_2024-01_to_2026-07,,,,,,,,,,,,
FF3,31,0.14471540322043808,0.049683781356042234,0.014481910185472145,0.01264669666970849,0.25216191142916167,0.6433238762335036,0.38626417991919554,0.09581258712085104,WMT,price,31m_2024-01_to_2026-07,0.051291198112798544,0.3948240011282336,0.8966384097357986,0.06073056563050167,0.42212481520606515,0.8856041200651077,,,,,,
FF5,31,0.22750728269262732,0.07300873923115281,0.014987901297359552,0.014798981705392837,0.3111720802729143,0.7171357053229156,0.41191940745121,0.08169038012473621,WMT,price,31m_2024-01_to_2026-07,0.13312873431674754,0.44906149183185246,0.7668788704908802,0.07639537436175338,0.5179001484040457,0.8827296038406495,0.5664329755974025,0.7385232556586006,0.44309307753741434,-0.4266279842619022,0.6965106351976666,0.5401925447458865
CAPM,31,0.14258709085711097,0.11302112847287338,0.015528652477728293,0.010505213818119068,0.13935819153315626,0.6289418435535428,0.3233615112681313,0.051773599639094406,WMT,dividend_inclusive_approx,31m_2024-01_to_2026-07,,,,,,,,,,,,
FF3,31,0.14492051879300916,0.049911687547787964,0.015206350480188027,0.012568020526248894,0.22630803214841078,0.6456409739554749,0.38255111727612057,0.09146408590221489,WMT,dividend_inclusive_approx,31m_2024-01_to_2026-07,0.04252040834537593,0.3935225863650848,0.9139554396873442,0.06975585280065472,0.41750639451102406,0.8673092049210205,,,,,,
FF5,31,0.2296657019349312,0.07559884232191749,0.015724321561883286,0.014750245947473997,0.2864064990241709,0.7202844119273583,0.4076016422350247,0.07720673792695527,WMT,dividend_inclusive_approx,31m_2024-01_to_2026-07,0.12523332947863913,0.4445327783222022,0.7781589849592336,0.08443719038787428,0.5071398219603827,0.8677659502394521,0.571445255591535,0.7434564623472779,0.4421111418635717,-0.4279036854859843,0.6887778753601126,0.5344347349686673
CAPM,19,0.04555564617806407,-0.010588139340873326,0.005820452413134357,0.016875039196423063,0.7301583505923939,0.3469013441885304,0.46552946847650695,0.45616538541448304,WMT,price,19m_2025-01_to_2026-07,,,,,,,,,,,,
FF3,19,0.07533040961600734,-0.10960350846079114,0.0003319944755593128,0.03294259256395035,0.991959079059356,0.5144448610715681,0.8198979596899566,0.5303643923516816,WMT,price,19m_2025-01_to_2026-07,0.145564238953666,0.6573581445273866,0.8247512102307373,0.3802361401897508,1.2238937474697986,0.7560458718310602,,,,,,
FF5,19,0.14035791868207548,-0.1902736510555878,0.0038469588594118717,0.037183070974922426,0.9175979299662843,0.5660500381228862,0.8372045891320747,0.4989650120662913,WMT,price,19m_2025-01_to_2026-07,0.29943857399940965,0.8853525798213192,0.7352019803911186,0.40521498367356773,1.312338396536402,0.7574940236002284,0.43518678218018914,0.9080169049049475,0.6317453705772285,-0.5408128913050307,0.8551597956873166,0.5271180196464271
CAPM,19,0.04525949459209688,-0.010901711608368059,0.006559973511508009,0.016690182469176057,0.6942870974129834,0.34246364126076034,0.4594202389452486,0.4560144279600111,WMT,dividend_inclusive_approx,19m_2025-01_to_2026-07,,,,,,,,,,,,
FF3,19,0.07566771907097836,-0.10919873711482597,0.0011175400047379984,0.03268579012452921,0.9727253274642893,0.5087032440774801,0.81192624891701,0.5309616390940554,WMT,dividend_inclusive_approx,19m_2025-01_to_2026-07,0.14989464507157196,0.6505414119684378,0.817769132450662,0.3772852939373959,1.214713218540055,0.7561076262811757,,,,,,
FF5,19,0.14086680203146074,-0.1895690433410544,0.004609692874061312,0.0369833369205389,0.9008066383617402,0.559928401707559,0.8287032099696631,0.4992513337278083,WMT,dividend_inclusive_approx,19m_2025-01_to_2026-07,0.30241474958043585,0.8655442847043945,0.7267946040672542,0.40146763413475717,1.2996961061884091,0.7574025678004177,0.43186281847000024,0.9099916470566648,0.6350871613786535,-0.5354636420810325,0.8449809893524961,0.5262772513372928
CAPM,31,0.31760812703942787,0.29407737279940804,0.010755218704139095,0.008228666576873387,0.19119820481803906,0.8582203520033568,0.2146246020457714,6.369015022328749e-05,JPM,price,31m_2024-01_to_2026-07,,,,,,,,,,,,
FF3,31,0.4035877484173648,0.3373197204637386,0.006829623013175564,0.00895584774312968,0.4457090771344907,1.0227060644467156,0.2567908509365682,6.815333838278953e-05,JPM,price,31m_2024-01_to_2026-07,0.06435882794838374,0.3420298796161468,0.8507455306532512,0.5440514145330532,0.3307013576720467,0.09994008117107007,,,,,,
FF5,31,0.41412698610804066,0.2969523833296488,0.007541117200408047,0.011375535477356327,0.5073791330897828,1.0583001626003945,0.27107999489096474,9.461020699678459e-05,JPM,price,31m_2024-01_to_2026-07,0.10035026089076793,0.41545955910967,0.8091363219519881,0.4652450051847079,0.5148211596939168,0.366153341975049,0.17118887125098395,0.48867664432843133,0.7261052075154873,0.0571515000587578,0.6518573920385127,0.9301351082145783
CAPM,31,0.31388674583804643,0.2902276681083239,0.012677795388268503,0.008310212017658566,0.12711743077048535,0.8550165578049524,0.21093442763187376,5.046328623100352e-05,JPM,dividend_inclusive_approx,31m_2024-01_to_2026-07,,,,,,,,,,,,
FF3,31,0.39754500454364494,0.3306055606040499,0.008969067192259544,0.009010093271922153,0.3195190778809226,1.0119188243942578,0.2537941675479192,6.686796500385048e-05,JPM,dividend_inclusive_approx,31m_2024-01_to_2026-07,0.07832904250782516,0.3427135998349808,0.8192144957686411,0.5258033919622408,0.3380385636663287,0.11983801291774242,,,,,,
FF5,31,0.4081545855321397,0.2897855026385676,0.009564148720827937,0.011504392267309928,0.4057773005046542,1.0459490994352436,0.2702225793451211,0.00010852564935565517,JPM,dividend_inclusive_approx,31m_2024-01_to_2026-07,0.11337177867646514,0.4164932436134239,0.7854639631339918,0.466189825602046,0.5240802944543218,0.37371350935001857,0.18223978247930347,0.498565888684316,0.7147173241481055,0.0067565423318825535,0.6555198928692199,0.991776229191567
CAPM,19,0.24438155506624093,0.19993341124660802,0.010893073999962713,0.011620323596336437,0.34854475832559306,0.6953443922488157,0.27566656082267793,0.011655340747760699,JPM,price,19m_2025-01_to_2026-07,,,,,,,,,,,,
FF3,19,0.2742344396518739,0.12908132758224866,0.007335421006590678,0.012758998764306237,0.5653444787146469,0.8061291834108267,0.35780637385415176,0.024260660410738474,JPM,price,19m_2025-01_to_2026-07,0.2142208760498585,0.6675858633555941,0.7482946056364699,0.2516039693195887,0.41853648498320084,0.5477388719157539,,,,,,
FF5,19,0.3073695827895685,0.04097326847786409,0.010690209232790156,0.01563343488420241,0.4940987818477628,0.8392708508671086,0.4333516389351244,0.052782383727298,JPM,price,19m_2025-01_to_2026-07,0.23407152783597363,0.8031244858158508,0.770706325368915,0.048862123740612884,0.7560496399571885,0.9484700350789728,0.23688950235485629,0.6967583622786793,0.7338655429185398,0.14082130202171228,0.8951303310593958,0.8749931885003926
CAPM,19,0.2525567580181156,0.20858950848976943,0.012551297235131143,0.01164791204653185,0.2812311910220442,0.7115213152161689,0.27459777785071593,0.009565853791305045,JPM,dividend_inclusive_approx,19m_2025-01_to_2026-07,,,,,,,,,,,,
FF3,19,0.2793759532441653,0.13525114389299842,0.00950093912082007,0.012706671403584228,0.4546334910819213,0.8072839324879383,0.3584623950837057,0.024317579725844387,JPM,dividend_inclusive_approx,19m_2025-01_to_2026-07,0.2262428697551091,0.6653870005876921,0.7338437506273852,0.21754984509061775,0.4229200599422813,0.6069727455834386,,,,,,
FF5,19,0.3143575129129196,0.05064886403327329,0.013009025632115223,0.01585478095364426,0.4119247367996187,0.8438066656358011,0.4400374285841038,0.055164376556572865,JPM,dividend_inclusive_approx,19m_2025-01_to_2026-07,0.26171557167128223,0.8081249620196506,0.7460475686230537,0.03179439637545989,0.7667290280346196,0.9669231389948432,0.2683904674804152,0.7072837579554944,0.70434150235164,0.07114050813538034,0.9027655698081204,0.9371894297679632
