company,ticker,cik,cohort,annual_form,fiscal_anchor,sec_public_xbrl,iex_market_verified,ff_model_default,patent_public_data,execution_status,notes
Microsoft Corporation,MSFT,0000789019,A,10-K,2026-06-30,VERIFIED,VERIFIED,US_FF5,USPTO_ODP_BULK_AVAILABLE,EXECUTED_PARTIAL_GOLDEN_ANCHOR,Microsoft V1 remains canonical Golden Anchor
Walmart Inc.,WMT,0000104169,A,10-K,2026-01-31,VERIFIED,VERIFIED,US_FF5,USPTO_ODP_BULK_AVAILABLE,REGISTERED_NOT_EXECUTED,Start replication scaffold
JPMorgan Chase & Co.,JPM,0000019617,A,10-K,2025-12-31,VERIFIED,VERIFIED,US_FF5,USPTO_ODP_BULK_AVAILABLE,REGISTERED_NOT_EXECUTED,Financial-services specific variable adapter required
Intuit Inc.,INTU,0000896878,A,10-K,2026-07-31,VERIFIED,VERIFIED,US_FF5,USPTO_ODP_BULK_AVAILABLE,REGISTERED_NOT_EXECUTED,FY2026 10-K available
Exxon Mobil Corporation,XOM,0000034088,A,10-K,2025-12-31,VERIFIED,VERIFIED,US_FF5,USPTO_ODP_BULK_AVAILABLE,REGISTERED_NOT_EXECUTED,Energy-sector adapter required
Fluor Corporation,FLR,0001124198,A,10-K,2025-12-31,VERIFIED,VERIFIED,US_FF5,USPTO_ODP_BULK_AVAILABLE,REGISTERED_NOT_EXECUTED,Engineering/construction adapter required
The Boeing Company,BA,0000012927,A,10-K,2025-12-31,VERIFIED,VERIFIED,US_FF5,USPTO_ODP_BULK_AVAILABLE,REGISTERED_NOT_EXECUTED,Aerospace/defense adapter required
Shopify Inc.,SHOP,0001594805,B,10-K,2025-12-31,VERIFIED,VERIFIED,REGIONAL_REVIEW_REQUIRED,USPTO_ODP_BULK_AVAILABLE,REGISTERED_NOT_EXECUTED_CROSS_BORDER,Do not pool mechanically with U.S. cohort
SAP SE,SAP,0001000184,B,20-F,2025-12-31,VERIFIED,VERIFIED,DEVELOPED_OR_EUROPE_REVIEW_REQUIRED,USPTO_ODP_BULK_AVAILABLE,REGISTERED_NOT_EXECUTED_CROSS_BORDER,IFRS and ADR adapter required
